{
  "duration": 102.62999725341797,
  "language": "arabic",
  "text": "طويل الشوق يبطى في اغترابي فقير في الحياة من الصحابي ومن يأمنك يا دنيا الدواهي تدوسين المصاحب في الترابي وآجب من مريدك وهو يدري بأنك ثغرهم العجابي ولولا أن لي معنا جميلا لابعت المكس فيها بالثغر طويل الشوق يبطى في اغترابي فقير في الحياة من الصحابي ومن يأمنك يا دنيا الدواهي تدوسين المصاحب في الترابي وآجب من مريدك وهو يدري بأنك ثغرهم العجابي",
  "segments": [
    {
      "id": 0,
      "avg_logprob": -0.22602689266204834,
      "compression_ratio": 1.4489796161651611,
      "end": 8.0,
      "no_speech_prob": 0.7430524230003357,
      "seek": 0,
      "start": 0.0,
      "temperature": 0.0,
      "text": " طويل الشوق يبطى في اغترابي",
      "tokens": [
        50364,
        23032,
        2407,
        26895,
        25124,
        30543,
        7251,
        3555,
        9566,
        7578,
        8978,
        1975,
        17082,
        2655,
        2288,
        16758,
        1829,
        50764
      ]
    },
    {
      "id": 1,
      "avg_logprob": -0.22602689266204834,
      "compression_ratio": 1.4489796161651611,
      "end": 16.0,
      "no_speech_prob": 0.7430524230003357,
      "seek": 0,
      "start": 8.0,
      "temperature": 0.0,
      "text": " فقير في الحياة من الصحابي",
      "tokens": [
        50764,
        6156,
        4587,
        13546,
        8978,
        21542,
        25528,
        3660,
        9154,
        31767,
        5016,
        16758,
        1829,
        51164
      ]
    },
    {
      "id": 2,
      "avg_logprob": -0.22602689266204834,
      "compression_ratio": 1.4489796161651611,
      "end": 23.0,
      "no_speech_prob": 0.7430524230003357,
      "seek": 0,
      "start": 16.0,
      "temperature": 0.0,
      "text": " ومن يأمنك يا دنيا الدواهي",
      "tokens": [
        51164,
        4032,
        27842,
        7251,
        10721,
        27842,
        4117,
        35186,
        11778,
        22653,
        995,
        32748,
        14407,
        3224,
        1829,
        51514
      ]
    },
    {
      "id": 3,
      "avg_logprob": -0.21302728354930878,
      "compression_ratio": 1.3225806951522827,
      "end": 31.0,
      "no_speech_prob": 0.14348433911800385,
      "seek": 2300,
      "start": 23.0,
      "temperature": 0.0,
      "text": " تدوسين المصاحب في الترابي",
      "tokens": [
        50364,
        6055,
        3215,
        41779,
        9957,
        9673,
        9381,
        39319,
        3555,
        8978,
        16712,
        2288,
        16758,
        1829,
        50764
      ]
    },
    {
      "id": 4,
      "avg_logprob": -0.21302728354930878,
      "compression_ratio": 1.3225806951522827,
      "end": 38.0,
      "no_speech_prob": 0.14348433911800385,
      "seek": 2300,
      "start": 31.0,
      "temperature": 0.0,
      "text": " وآجب من مريدك وهو يدري",
      "tokens": [
        50764,
        4032,
        148,
        95,
        7435,
        3555,
        9154,
        3714,
        16572,
        3215,
        4117,
        37037,
        2407,
        7251,
        3215,
        16572,
        51114
      ]
    },
    {
      "id": 5,
      "avg_logprob": -0.21302728354930878,
      "compression_ratio": 1.3225806951522827,
      "end": 46.0,
      "no_speech_prob": 0.14348433911800385,
      "seek": 2300,
      "start": 38.0,
      "temperature": 0.0,
      "text": " بأنك ثغرهم العجابي",
      "tokens": [
        51114,
        4724,
        33456,
        4117,
        38637,
        17082,
        2288,
        16095,
        18863,
        7435,
        16758,
        1829,
        51514
      ]
    },
    {
      "id": 6,
      "avg_logprob": -0.17417965829372406,
      "compression_ratio": 1.3571428060531616,
      "end": 53.0,
      "no_speech_prob": 0.048735424876213074,
      "seek": 4600,
      "start": 46.0,
      "temperature": 0.0,
      "text": " ولولا أن لي معنا جميلا",
      "tokens": [
        50364,
        35525,
        12610,
        995,
        14739,
        32239,
        20449,
        8315,
        10874,
        2304,
        1829,
        15040,
        50714
      ]
    },
    {
      "id": 7,
      "avg_logprob": -0.17417965829372406,
      "compression_ratio": 1.3571428060531616,
      "end": 61.0,
      "no_speech_prob": 0.048735424876213074,
      "seek": 4600,
      "start": 53.0,
      "temperature": 0.0,
      "text": " لابعت المكس فيها بالثغر",
      "tokens": [
        50714,
        5296,
        16758,
        34268,
        9673,
        4117,
        3794,
        8978,
        11296,
        20666,
        12984,
        17082,
        2288,
        51114
      ]
    },
    {
      "id": 8,
      "avg_logprob": -0.17417965829372406,
      "compression_ratio": 1.3571428060531616,
      "end": 68.0,
      "no_speech_prob": 0.048735424876213074,
      "seek": 4600,
      "start": 61.0,
      "temperature": 0.0,
      "text": " طويل الشوق يبطى في اغترابي",
      "tokens": [
        51114,
        23032,
        2407,
        26895,
        25124,
        30543,
        7251,
        3555,
        9566,
        7578,
        8978,
        1975,
        17082,
        2655,
        2288,
        16758,
        1829,
        51464
      ]
    },
    {
      "id": 9,
      "avg_logprob": -0.07210350781679153,
      "compression_ratio": 1.48421049118042,
      "end": 76.0,
      "no_speech_prob": 0.8058893084526062,
      "seek": 6800,
      "start": 68.0,
      "temperature": 0.0,
      "text": " فقير في الحياة من الصحابي",
      "tokens": [
        50364,
        6156,
        4587,
        13546,
        8978,
        21542,
        25528,
        3660,
        9154,
        31767,
        5016,
        16758,
        1829,
        50764
      ]
    },
    {
      "id": 10,
      "avg_logprob": -0.07210350781679153,
      "compression_ratio": 1.48421049118042,
      "end": 83.0,
      "no_speech_prob": 0.8058893084526062,
      "seek": 6800,
      "start": 76.0,
      "temperature": 0.0,
      "text": " ومن يأمنك يا دنيا الدواهي",
      "tokens": [
        50764,
        4032,
        27842,
        7251,
        10721,
        27842,
        4117,
        35186,
        11778,
        22653,
        995,
        32748,
        14407,
        3224,
        1829,
        51114
      ]
    },
    {
      "id": 11,
      "avg_logprob": -0.07210350781679153,
      "compression_ratio": 1.48421049118042,
      "end": 91.0,
      "no_speech_prob": 0.8058893084526062,
      "seek": 6800,
      "start": 83.0,
      "temperature": 0.0,
      "text": " تدوسين المصاحب في الترابي",
      "tokens": [
        51114,
        6055,
        3215,
        41779,
        9957,
        9673,
        9381,
        39319,
        3555,
        8978,
        16712,
        2288,
        16758,
        1829,
        51514
      ]
    },
    {
      "id": 12,
      "avg_logprob": -0.13968051970005035,
      "compression_ratio": 1.0563380718231201,
      "end": 98.0,
      "no_speech_prob": 0.9420199990272522,
      "seek": 9100,
      "start": 91.0,
      "temperature": 0.0,
      "text": " وآجب من مريدك وهو يدري",
      "tokens": [
        50364,
        4032,
        148,
        95,
        7435,
        3555,
        9154,
        3714,
        16572,
        3215,
        4117,
        37037,
        2407,
        7251,
        3215,
        16572,
        50714
      ]
    },
    {
      "id": 13,
      "avg_logprob": -0.13968051970005035,
      "compression_ratio": 1.0563380718231201,
      "end": 103.0,
      "no_speech_prob": 0.9420199990272522,
      "seek": 9100,
      "start": 98.0,
      "temperature": 0.0,
      "text": " بأنك ثغرهم العجابي",
      "tokens": [
        50714,
        4724,
        33456,
        4117,
        38637,
        17082,
        2288,
        16095,
        18863,
        7435,
        16758,
        1829,
        50964
      ]
    }
  ],
  "usage": {
    "seconds": 103.0,
    "type": "duration"
  },